City,Country,id
"90045, Los Angeles",United States of America,1
"90069, Los Angeles",United States of America,2
"90401, Los Angeles",United States of America,3
"90212, Los Angeles",United States of America,4
"90035, Los Angeles",United States of America,5
"90015, Los Angeles",United States of America,6
"90007, Los Angeles",United States of America,7
"90028, Los Angeles",United States of America,8
"90210, Los Angeles",United States of America,9
"90024, Los Angeles",United States of America,10
"90292, Los Angeles",United States of America,11
"90048, Los Angeles",United States of America,12
"90067, Los Angeles",United States of America,13
"90291, Los Angeles",United States of America,14
"91604, Los Angeles",United States of America,15
"90405, Los Angeles",United States of America,16
"90014, Los Angeles",United States of America,17
"90036, Los Angeles",United States of America,18
"91608, Los Angeles",United States of America,19
"90068, Los Angeles",United States of America,20
"90017, Los Angeles",United States of America,21
"90012, Los Angeles",United States of America,22
"90403, Los Angeles",United States of America,23
"90019, Los Angeles",United States of America,24
"90232, Los Angeles",United States of America,25
"90006, Los Angeles",United States of America,26
"90077, Los Angeles",United States of America,27
"90230, Los Angeles",United States of America,28
"90010, Los Angeles",United States of America,29
"90049, Los Angeles",United States of America,30
"90041, Los Angeles",United States of America,31
"90026, Los Angeles",United States of America,32
"90094, Los Angeles",United States of America,33
"90038, Los Angeles",United States of America,34
"90250, Los Angeles",United States of America,35
"90115, Los Angeles",United States of America,36
"90032, Los Angeles",United States of America,37
"90005, Los Angeles",United States of America,38
"90071, Los Angeles",United States of America,39
"90046, Los Angeles",United States of America,40
"90402, Los Angeles",United States of America,41
"90013, Los Angeles",United States of America,42
"90404, Los Angeles",United States of America,43
"90064, Los Angeles",United States of America,44
"90029, Los Angeles",United States of America,45
"90020, Los Angeles",United States of America,46
"90304, Los Angeles",United States of America,47
"90027, Los Angeles",United States of America,48
"90302, Los Angeles",United States of America,49
"90066, Los Angeles",United States of America,50
"90025, Los Angeles",United States of America,51
"90037, Los Angeles",United States of America,52
"90043, Los Angeles",United States of America,53
"91605, Los Angeles",United States of America,54
"90293, Los Angeles",United States of America,55
"91030, Los Angeles",United States of America,56
"91602, Los Angeles",United States of America,57
"90033, Los Angeles",United States of America,58
"91606, Los Angeles",United States of America,59
"10001, New York",United States of America,60
"10018, New York",United States of America,61
"10014, New York",United States of America,62
"10019, New York",United States of America,63
"10036, New York",United States of America,64
"10038, New York",United States of America,65
"10012, New York",United States of America,66
"10003, New York",United States of America,67
"10022, New York",United States of America,68
"10013, New York",United States of America,69
"10017, New York",United States of America,70
"10016, New York",United States of America,71
"10010, New York",United States of America,72
"10006, New York",United States of America,73
"10023, New York",United States of America,74
"10002, New York",United States of America,75
"10024, New York",United States of America,76
"10005, New York",United States of America,77
"10007, New York",United States of America,78
"10011, New York",United States of America,79
"10128, New York",United States of America,80
"10065, New York",United States of America,81
"10004, New York",United States of America,82
"10075, New York",United States of America,83
"10282, New York",United States of America,84
"10027, New York",United States of America,85
"10026, New York",United States of America,86
"10025, New York",United States of America,87
"10031, New York",United States of America,88
"10021, New York",United States of America,89
"10009, New York",United States of America,90
"10028, New York",United States of America,91
"10029, New York",United States of America,92
"10032, New York",United States of America,93
"10030, New York",United States of America,94
"10035, New York",United States of America,95
"10034, New York",United States of America,96
"10040, New York",United States of America,97
"32819, Orlando",United States of America,98
"34746, Orlando",United States of America,99
"34747, Orlando",United States of America,100
"32821, Orlando",United States of America,101
"32830, Orlando",United States of America,102
"32827, Orlando",United States of America,103
"32839, Orlando",United States of America,104
"32836, Orlando",United States of America,105
"32826, Orlando",United States of America,106
"32837, Orlando",United States of America,107
"34761, Orlando",United States of America,108
"33896, Orlando",United States of America,109
"32822, Orlando",United States of America,110
"32806, Orlando",United States of America,111
"32809, Orlando",United States of America,112
"32817, Orlando",United States of America,113
"32801, Orlando",United States of America,114
"32812, Orlando",United States of America,115
"32789, Orlando",United States of America,116
"32804, Orlando",United States of America,117
"32714, Orlando",United States of America,118
"34741, Orlando",United States of America,119
"32829, Orlando",United States of America,120
"32751, Orlando",United States of America,121
"32701, Orlando",United States of America,122
"Paharganj, New Delhi",India,123
"Karol bagh, New Delhi",India,124
"Mayur Vihar Phase 1, New Delhi",India,125
"Mahipalpur, New Delhi",India,126
"South West, New Delhi",India,127
"South Delhi, New Delhi",India,128
"Connaught Place, New Delhi",India,129
New Delhi,India,130
"Central Delhi, New Delhi",India,131
"Chattarpur, New Delhi",India,132
"Chanakyapuri, New Delhi",India,133
"North Delhi, New Delhi",India,134
"Pashim Vihar, New Delhi",India,135
"East Delhi, New Delhi",India,136
"Jasola, New Delhi",India,137
"West Delhi, New Delhi",India,138
"Rohini, New Delhi",India,139
"Patparganj, New Delhi",India,140
"Safdarjung Enclave, New Delhi",India,141
"Saket, New Delhi",India,142
"Dwarka, New Delhi",India,143
"Janakpuri, New Delhi",India,144
"Hauz Khas, New Delhi",India,145
"New Friends Colony, New Delhi",India,146
"Kailash Colony, New Delhi",India,147
"Vasant Vihar, New Delhi",India,148
"Greater Kailash 1, New Delhi",India,149
"Malviya Nagar, New Delhi",India,150
"Sundar Nagar, New Delhi",India,151
"Nehru Place, New Delhi",India,152
"Dariyaganj, New Delhi",India,153
