hotel,Score
"3BHK HeritageHomes Tulip, Economical yet Luxurious",1.0
3bhk Apartment near manipal hospital and Airport.,7.0
A sleepy Fox,8.8
AEROCITY HOTEL J P PALACE IGI AIRPORT New Delhi BY SHOAIB TRAVELS,4.7
AK VILLA,6.333333333333333
Aashianaa Gracious Living,9.75
Abuzz Oxfordcaps RoopNagar Delhi,7.4
Abuzz Oxfordcaps ShahpurJaat Delhi,10.0
Aero villa,1.0
Ahuja Residency Sunder Nagar,8.4
Airport Hotel Asian Blue Luxury,3.4
Airport Hotel Clayton,8.7
Airport Hotel Dev Residency - Mahipalpur,8.3
Airport Hotel Eurostar,1.75
"Airport Hotel Grand, New Delhi",8.9
Airport Hotel IVY,8.7
Airport Hotel Le Seasons New Delhi,7.6
Airport Hotel Moody plaza,8.2
Airport Hotel Shivaka Inn,7.5
Airport Hotel Square Plaza,8.9
Airport hotel Golden Bliss,7.5
Aloft New Delhi Aerocity,8.1
Alpina Hotels & Suites,8.1
Amax Inn,4.8
"Ambassador, New Delhi - IHCL SeleQtions",8.0
AmigosIndia,9.6
Anchal Hotel,8.0
Apple tree,3.3333333333333335
Ashok Country Resort,7.0
Ashu Villa Guest House,8.2
Atrio by Devam,7.7
Avalon Courtyard Residence Suites,7.1
Avatar Living @Safdarjung Enclave,9.2
Bed and Chaï - Boutique stay & tours,7.7
Bewafa Palace,1.0
Bloom Boutique - Connaught Place Area,7.5
Bloomrooms @ Link Road,8.4
Bloomrooms @ New Delhi Railway Station,8.7
Boutique Hotel Shubh By Otaexpertz,5.25
Bungalow 157,9.6
Bungalow 99,9.4
CHANDU INn,2.7777777777777777
Capital O Hotel Lotus B&B,3.7
Capital O Premium Villa-2,3.6
Cardinal Express Oxmo,5.5
Caspia Hotel New Delhi,5.8
Collection O 37878 Star Twinkle,6.0
Collection O 71756 Hotel Silver Arrow Near Pacific Mall Tagore Garden,3.6
Collection O 75126 Crystal Palace,5.166666666666667
Collection O 78675 Collection O Key Rooms,5.166666666666667
Collection O 80012 Hotel Green County Inn,4.166666666666667
Collection O Hotel Swisston Palace,1.0
Collection O Pkg Inn,6.0
Collection O R S Villa Near Lotus Temple,2.1
Collection O Radisson Blue Hotel Nearby Khajuri chowk-Signature Bridge,2.75
Collection O Sector 20 Rohini Near Maharaja Agrasen Hospital,7.0
Collection O The Pinaki Residency Near Dlf Avenue Saket,2.0
Comfort Stay Hostel,6.2
"Cosy Grand, Near Chanakyapuri, Embassy Area",8.6
"Couples friendly south delhi foreigners place very safe for women and solo travellers along with private kitchen and washroom located in the heart of delhi lajpat nagar just steps away from the famous central markrt cal 92121,74700",1.0
"Crowne Plaza New Delhi Mayur Vihar Noida, an IHG Hotel",8.6
Daffodils inn,5.25
Delhi Pride Hotel,7.0
Deluxe Room In CR Park,5.0
Deluxe Room In Lajpat Nagar,8.25
Deluxe Room In Uttam Nagar West,8.25
Divine India Service Apartment 3 BHK D-198 Saket,10.0
Eleven Bed & Breakfast,9.1
"Eros Hotel New Delhi, Nehru Place",7.6
Ever Green Guest House Travel & PG,7.7
FabExpress Dream Living,7.6
FabExpress Jaggi Palace Karol Bagh,9.0
FabExpress Marigold I,10.0
FabExpress RG Stay,9.5
FabExpress Station II,6.3
FabExpress V4 Residency,9.25
FabExpress Yug Villa,5.5
FabHotel Aashraye,8.8
FabHotel Admire Suites,8.9
FabHotel Aerosky Grand,7.4
FabHotel BMK Grand,9.1
FabHotel Cameron,10.0
FabHotel Chattarpur Enclave,8.2
FabHotel Church House Rohini,7.4
FabHotel Exotica Greenpark,8.6
FabHotel F9 Ashok Vihar,8.6
FabHotel F9 NFC,6.6
FabHotel F9 NSP,7.555555555555555
FabHotel F9 Paschim Vihar,7.9
FabHotel F9 Peeragarhi,7.3
FabHotel F9 Pitampura,6.7
FabHotel F9 Punjabi Bagh,4.8
FabHotel Gera,2.5
FabHotel Goodwill GK 1,6.7
FabHotel Grand Boutique,6.5
FabHotel Grand Stay,6.2
FabHotel Heaven In,7.6
FabHotel Indraprastha - Shahdara,7.8
FabHotel Jasmine Boutique Jasola,8.6
FabHotel La Ola,7.3
FabHotel La Paz Stay B&B,8.2
FabHotel Le Heritage Karol Bagh,7.5
FabHotel Lord Inn,6.9
FabHotel Majestic JPM I,8.7
FabHotel Nirvana Suites,7.9
FabHotel Novel Suites,4.9
FabHotel Prime Sage,7.8
FabHotel Prime The Pamposh,7.4
FabHotel Royal Comfort Castle,9.1
FabHotel Royal Touch,7.6
FabHotel South View,6.6
FabHotel The Lazeez,6.1
FabHotel Trio Continental Patel Nagar,7.1
FabHotel Vat Gagan Vihar,6.3
FabHotel White House BNB,7.3
FabHotel White Klove Paharganj,7.9
Flagship Blissbourn,3.6
Flagship Chahal Guest House Near Nangloi Railway Station Metro Station,2.1
Flagship Chaudhary Palace,1.0
Flagship Hotel City Inn Dx,1.8571428571428572
Flagship Lal Residency,9.333333333333334
Flagship Ocean Blue Residency Near V3S Mall,7.9
Flagship Premium Inn,3.0
Flagship Premium Villa,1.9
Flagship Royal Galaxy b&b Near Lotus Temple,1.0
Flagship Silver Stays,1.0
Flagship Sp Residency Near Sarita Vihar Metro Station,2.4
"Four Points by Sheraton New Delhi, Airport Highway",8.6
Frank Stay By Hotel Preet in 05 mints walking Distance Nizamuddin Railway Station,9.3
Frank Stay-Worth Near Rk Ashram Metro Station,8.6
Frankstay Superb Near RK Ashram Metro station,8.2
Friends Hostel by Backpackers Heaven- New Delhi Railway Station - Paharganj,7.7
Gallivanto Inn,9.2
Ginger East Delhi,6.0
Golden Leaf Hotel,6.7
Grand Godwin Near NDLS Railway Station- Paharganj,7.9
Grand Hari Piorko,8.6
Green Residency - Near Anand VIhar,6.1
HOTEL AMBIENCE DX PAHARGANJ NEW Delhi NEAR Rk ASHRAM METRO STATION,9.1
HOTEL AMBROSIA,4.9
HOTEL CITY INN,8.0
HOTEL DELHI 55 @ NEW DELHI RAILWAY STATION,8.1
HOTEL DIAMOND STAR SUITES,9.166666666666666
HOTEL EKANT RESIDENCY,3.8333333333333335
HOTEL FORTUNE HOME,9.666666666666666
HOTEL GRAND VIKASH,1.3333333333333333
HOTEL Grand urban luxury Near Delhi Airport,7.5
HOTEL PARK PRIDE,10.0
HOTEL PITRASHISH PRIDE IGI Intl AIRPORT DELHI,6.6
HOTEL PRIMELAND,8.2
HOTEL SAMARA,3.0
Happy Residency,3.0
Hari Piorko Inn Express,7.9
Hilton Garden Inn New Delhi/Saket,8.0
Hindustan by Backpackers Heaven Near New Delhi Railway Station,8.7
"Holiday Inn New Delhi International Airport, an IHG Hotel",8.3
"Holiday Inn New Delhi Mayur Vihar Noida, an IHG Hotel",8.4
Homestay Ac Dormitory,8.0
Homlee Saket Basement Flat with Bathroom at Ground Level,10.0
Hotel 3B Houses Guest House,3.6666666666666665
Hotel A V International,7.0
Hotel Aditya Inn Near New Delhi Railway Station Main Bazar,5.8
Hotel Admire Gold - Pachim Vihar Delhi,8.2
Hotel Admire Inn,7.5
Hotel Aero-Stay Residency,5.9
Hotel Aerotech Near IGI Airport,6.6
Hotel Air Inn - Safdurjung Enclave,8.1
Hotel Airport JMD Divine 15 MINTUE IGI AIRPORT DELHI,10.0
Hotel Airport Residency,5.666666666666667
Hotel All Time residency New Delhi,6.9
Hotel Almati Suite - Near Delhi Airport,7.0
Hotel Aman Continental - Paharganj,7.5
Hotel Aman Imperial,5.4
Hotel Amar Inn- Lajpat Nagar Central Market,9.4
Hotel Amar International,7.3
Hotel Ambica Palace AIIMS New Delhi - Couple Friendly Local ID Accepted,6.7
Hotel Anand International,7.7
Hotel Anand Lok Inn,8.0
Hotel Arch International,7.0
Hotel Arina Inn,6.4
Hotel Asko international,5.2
Hotel Aster Inn Karol Bagh New Delhi,6.7
Hotel Aura,7.85
Hotel Aura Deluxe,4.166666666666667
Hotel Azulo Inn Bhikaji Cama Place Delhi - Couple Friendly Local IDs Accepted,7.8
Hotel Banz - Near Delhi International Airport,7.0
Hotel Blue Bell,7.1
Hotel Blue Pearl,8.4
Hotel Castle Blue,6.7
Hotel Chalet At Saket Near PVR Cinema,4.7
"Hotel Chand Palace "" Couple Friendly "" Near New Delhi Railway Station",4.4
Hotel City Empire,8.3
Hotel City Plaza,10.0
Hotel City lite Near IGI Airport,7.6
Hotel Clayton Near IGI Airport Delhi,6.1
Hotel Comforte Stay Indian Guest allowed only,8.9
Hotel Cosmo - Karol Bagh,9.3
Hotel Cottage Yes Please Near New Delhi Railway Station,7.8
Hotel Crystal Residency Inn Near Saket Metro Station,4.5
Hotel D'Capitol - New Delhi Airport,7.9
Hotel D'Capitol Suites Near Aerocity,6.5
Hotel De Cruise - New Delhi Railway Station,8.2
Hotel De Hocks Deluxe,4.3
Hotel De Tark Near Delhi Airport,8.7
Hotel Delhi 37 Near - Delhi Airport,8.5
"Hotel Delish Hospitality Near Laxmi Nagar "" Couple Friendly """,6.833333333333333
Hotel Deluxe Stay Inn - Near Delhi Airport,7.2
Hotel Diamond Tree At Saket Near PVR Cinema,7.9
Hotel Dreamland Dx Near New Delhi Railway station,6.4
Hotel East Inn - Patel Nagar,6.1
Hotel Elegance,7.2
Hotel Emerald Suites At Delhi Airport,8.1
Hotel Emporio Dx - New Delhi Railway Station - Paharganj,8.8
Hotel Eternity,7.0
Hotel GODWIN DELUXE - New Delhi Railway Station - Paharganj,7.7
"Hotel Gagan Inn - Backside Punjab National Bank - West Patel Nagar, Metro Pillar No 222",6.2
Hotel Galaxy,1.0
Hotel Glow Inn-3 Mins Walking From NDLS,8.5
Hotel Gold Souk - Karol Bagh,8.9
Hotel Golden Bliss At New Delhi Airport,7.9
Hotel Golden Palace By Otaexpertz,10.0
Hotel Golden Stay at Delhi Airport,6.666666666666667
Hotel Good Palace,6.3
Hotel Goodluck Suites Near Delhi Airport,7.4
Hotel Grand Park Inn,7.8
Hotel Green Chilly,6.3
Hotel HSP Suites - Near Delhi Airport,7.8
Hotel Hans International,2.857142857142857
Hotel Hari Piorko,8.5
Hotel Harsha International,7.4
Hotel Hill Palace,5.4
Hotel Homestay,7.0
Hotel IVY plaza Luxury,7.2
Hotel Imperial Villa,6.9
Hotel International Inn - Near Delhi Airport,8.3
"Hotel Ipotel - Couple Friendly Near Yamuna Sports Complex, East Delhi",5.2
"Hotel JP International "" A Unit of Jageer Palace """,5.7
Hotel JPM - East Of Kailash,6.9
Hotel JPS - Vikas Puri,7.4
Hotel JRD Exotica,6.2
Hotel Jageer Palace,5.6
Hotel Jai Deluxe- Paharganj New Delhi Railway Station,4.65
Hotel Jashn Inn near Apollo Hospital,7.125
"Hotel Jindal International ""Budget Friendly"" at New Delhi Railway Station",7.4
Hotel Kaushal Palace,7.4
Hotel Khanna Residency,9.6
Hotel King plaza Near IGI Airport Delhi,7.9
"Hotel Kings Inn, Karol Bagh, New Delhi",5.9
"Hotel Klick International "" Couple Friendly""",7.3
Hotel Krishna Deluxe-By RCG Hotels,8.5
Hotel Krone Plaza Near Delhi Airport,8.3
Hotel Lal's Haveli,7.5
Hotel Le-Mount Near IGI Airport Delhi,8.9
Hotel Lohias Delhi Airport,6.3
Hotel Lotus Stay At Delhi Airport,8.8
Hotel Love Inn kirti nagar metro,8.0
Hotel Mahalaxmi deluxe,5.2
Hotel Malbork Inn @ Janakpuri,6.5
Hotel Mannat,10.0
Hotel Mannat International,6.333333333333333
Hotel Mannat international by Mannat,8.5
Hotel Marigold,6.2
Hotel Marina Near IGI Airport,7.7
Hotel Maya Cottage-BY RSL Hospitality,7.3
Hotel Mohan International homely atmosphere,7.0
Hotel NEW TEJ Plaza,8.0
Hotel Natraj Yes Please,8.2
Hotel Neu Villa - Walk In from New Delhi Railway Station,8.1
Hotel New City Lite Near IGI Airport Delhi,7.7
Hotel Nitya Maharani 'Guest Friendly Property ' New Delhi,8.6
"Hotel Olive Saffron at Sector 24 Rohini "" Couple Friendly""",8.2
Hotel Orchid Saffron - Local ID Accepted,5.4
Hotel Pablas International,7.1
Hotel Palazzo Inn PURE VEG,5.5
"Hotel Pallvi Palace ""A Well Hygiene Place""",6.6
Hotel Palm D'or,8.3
Hotel Palm Grand Naraina New Delhi - Couple Friendly Local IDs Accepted,6.2
Hotel Palm Greens,6.5
Hotel Paradise Inn-A Boutique Hotel Delhi,6.0
Hotel Paradise International Delhi Airport,5.2
Hotel Park Suites at Airport,8.9
Hotel Pearl Residency Inn - Malviya Nagar,4.5
Hotel Pingla Residency,7.3
Hotel Preet Palace -5 Mints Walk From Nizamuddin Railway Station,7.4
Hotel Prince Palace (The Green),6.2
"Hotel R DELUXE ""Couple Friendly Vaccinated Staff""",6.8
Hotel RIVERB,4.833333333333333
Hotel Raaso Inn Laxmi nagar By The Arrow,6.0
Hotel Raaso Inn Rohini Sec-16 by Arrow,1.3333333333333333
Hotel Raj Hans Dx,2.0
Hotel Ratandeep at New Delhi Railway Station,6.9
Hotel Red Castle - Karol Bagh,8.9
Hotel Red Chilly,7.4
"Hotel Red Coral - Netaji Subhash Place, Pitampura",4.0
Hotel Red Snapper Prime,1.0
Hotel Revels Near New Delhi Railway Station,7.6
Hotel Ritz,8.6
Hotel Rivasa Regency,4.8
Hotel Rockland Panchsheel Enclave,5.6
Hotel Roma Deluxe,6.5
Hotel Ronit Royal - New Delhi Airport,7.4
Hotel Rosewood Near Delhi Airport,7.5
Hotel Royal Saffron,7.4
Hotel SAMRAT RESIDENCY,9.333333333333334
Hotel SM SUITS Near Delhi Airport-Unit BY Grand urban Luxury,6.0
Hotel Saket 27,7.590000000000001
"Hotel Samrat, New Delhi",5.2
Hotel Sanca International Patel Nagar Delhi - Couple Friendly Local IDs Accepted,8.0
Hotel Shanti Villa,8.2
Hotel Siam International,4.333333333333333
Hotel Silver Saffron Near Paschim Vihar Metro Station,7.0
Hotel Sita International,7.2
Hotel Sky Inn - Safdarjung Enclave,7.0
Hotel Sky wood At Airport,9.6
Hotel Smart Plaza Delhi Airport,7.5
Hotel Smart Suites,5.111111111111111
Hotel Star 17,7.7
Hotel Star One - Near Delhi Airport,8.5
Hotel Star Villa - Budget Friendly,7.4
Hotel Stay Villa - Couple Friendly - 10 mints from Chattarpur metro station,6.6
Hotel Step-in Gold Near NSDL Railway Station,2.0
Hotel Su Shree Continental 5 Minutes Walk From New Delhi Railway Station,8.4
Hotel Sumedha Premium,6.1
Hotel Sun International,7.5
Hotel Sun Residency - Near Lajpat Nagar metro station,3.857142857142857
Hotel Sun Village Near New Delhi Railway Station,7.5
Hotel Sunshine,6.6
Hotel Sunstar Grand,8.3
Hotel Sunstar Heights,8.4
Hotel Sunstar Residency,7.6
Hotel Superb 5 Mins Walk From New Delhi Station,7.7
"Hotel Tara Palace, Chandni Chowk",7.6
Hotel The Amour DX Near IGI Airport Delhi,7.3
Hotel The IVY Grand With Free Secured Parking,8.4
Hotel The Kiara Delhi Airport,7.2
Hotel The Pearl,8.9
Hotel The RTS Plaza,5.625
Hotel The Rasa Near Welcome Metro Station,7.8
Hotel The Tourist - 1 min from New Delhi Railway Station,7.4
Hotel Townhouse,5.5
Hotel Trans International - Near Delhi Airport,7.5
Hotel Unistar,7.0
Hotel Uptown - By Srida Hotels,6.7
Hotel Vertu,7.7
Hotel View - A Boutique Hotel,7.4
Hotel Vista Inn,6.4
Hotel Viva Palace,7.4
"Hotel White Palace,Nizamuddin Railway Station",3.6666666666666665
Hotel Worth Near New Delhi Railway Station,8.9
Hotel Yatri International,7.2
"Hotel Yuvraj Deluxe-""Hygienic Hotel""",7.7
Hotel pathway near Delhi airport,8.8
Huaz Khas Residency,8.3
Hyatt Centric Janakpuri New Delhi,6.7
Hyatt Delhi Residences,8.1
Hyatt Regency Delhi,8.5
"ITC Maurya, a Luxury Collection Hotel, New Delhi",8.3
Iconic Stays Near Ganga Ram Hospital,5.7
Indira International Inn,4.7
Iris Park Hotel New Delhi,6.9
Itsy By Treebo - Arien International,7.0
Itsy By Treebo - Connaught Mews,7.5
Itsy By Treebo - Prime Stay Rohini,7.7
J House near Bhikaji,9.3
JRD Pride,7.7
JSK Residency Inn couple friendly hotel Near Lajpat Nagar market,4.333333333333333
JW Marriott Hotel New Delhi Aerocity,8.8
Jaypee Siddharth,6.0
Jaypee Vasant Continental,7.7
Jmd Residency,8.5
Joey's Hostel,8.4
Kelvish Hotel by Foxi Group-Delhi Airport,7.4
King's Court - Saket,4.875
Kundan Plaza Jasola,8.0
Le TRESOR,8.5
Lemon Green Residency - Hotel and Serviced Apartments,8.7
LetsBunk Poshtel & Suites,8.0
MOYDOM Private Ensuite with Shared Balcony & Kitchen,8.0
"Madhuban Hotel , New delhi",6.1
Maidens Hotel New Delhi,9.8
Majestic Stay - East of Kailash,9.5
Manaya Residency,10.0
Mandakini villa,6.6
Maplewood Stay,7.0
Mayda Residency By Mayda Hospitality Pvt. Ltd.,8.0
NUO By juSTa,7.4
New Delhi YMCA Tourist Hostel,6.5
Niv Residency,9.666666666666666
Novotel New Delhi Aerocity- International Airport,8.2
OYO Country Residency,2.0
OYO Flagship 74192 Vishwakarma Palace,1.0
OYO Flagship 75287 Pubg Residency,3.3333333333333335
OYO Flagship 7705 The Sky Residency,8.0
OYO Flagship 80318 Hotel Sai Plaza Near Indira Gandhi International Airport,2.5
OYO Flagship 80769 Seven Heaven,7.0
OYO Flagship 80818 Hotel Metro Inn Near Gurudwara Shri Bangla Sahib,1.0
OYO Flagship 81046 Hotel Aditya INN,2.75
OYO Flagship 81239 Hotel Delhi Palace,2.5
OYO Flagship Discovery,6.0
OYO Flagship Golden Key Inn Punjabi Bagh,7.0
OYO Flagship Hotel All Seasons,1.0
OYO Flagship Hotel Metro Star Near Lotus Temple,1.0
OYO Flagship Hotel Olive Saffron,4.8
OYO Flagship Hotel Payal Near Gurudwara Shri Bangla Sahib,3.0
OYO Flagship Hotel Royal Park Near Lotus Temple,1.3
OYO Flagship Hotel SS Palace,1.0
OYO Flagship Hotel Yuvraj Paalace,1.0
OYO Flagship Premium Rooms,10.0
OYO Flagship Royal Stay,2.2857142857142856
OYO Flagship SK Residency Rohini Near Rithala Metro Station,9.1
OYO Flagship Satguru Inn,4.5
OYO Flagship The Hotel Heritage By Catena Homes,4.8
OYO Home Krishna Villa Near Lotus temple,1.0
OYO Home Premium Villa Near Qutab Minar Metro Station,2.0
OYO Home The Premium Villa Near Select Citywalk Mall,2.8
OYO Hotel Crown Continental Near Sarai Rohilla Railway Station,2.6
OYO Hotel Dream,6.7
OYO Hotel Landmark Inn,2.5
OYO Hotel Lion,4.5
OYO Hotel Raas Near M2k Cinemas Rohini,3.7
OYO Hotel Shiv Shakti Inn Near Kamal Cinema,1.1428571428571428
OYO Hotel Sun Palace,2.2857142857142856
OYO Hotel VM Residency,6.222222222222222
OYO Kings Court,1.0
OYO Royal Galaxy,3.1
OYO The Olive Inn,3.0
OYO The Premium Villa Near Lotus Temple,1.3
OYO Townhouse 023 CR Park Near Lotus Temple,2.0
OYO Townhouse 1099 Jp Grand Near Mayapuri Chowk,1.7142857142857142
OYO Townhouse 1126 Super 8 Near Indira Gandhi International Airport,4.1
OYO Townhouse 286 Near Kohat Enclave Metro Station,8.285714285714286
OYO Townhouse 340 Jageer Palace Near Mayapuri Chowk,8.2
OYO Townhouse 475 Nangal Raya Pankha Road,2.0
OYO Townhouse 604 The Royal Galaxy,2.2
OYO Townhouse 99 Rudra Inn Near Chhatarpur Metro Station,2.9
OYO Townhouse Hotel Moro,4.0
OYO Townhouse Saket Residency Near Saket Metro,1.4285714285714286
OYO Townhouse THE ARROW Near Lotus Temple,1.5
OYO White House,7.3
OYO rooms 8586062712,3.0
Own Stay,9.4
POP 81444F Hotel Ashoka,1.0
POP Hotel Relax Inn Near Select Citywalk Mall,6.0
Palm Bliss Continental At Delhi,8.6
Pamposh Guest House GK II Market,9.2
Park Inn by Radisson New Delhi IP Extension,7.4
Park Plaza Shahdara,6.5
Peacefulhuts luxurious 3bhk near Airport,7.5
Peepal Tree Residency,7.9
Pink Wood,1.0
Private Rooms with International Airport View,9.5
Pullman New Delhi Aerocity- International Airport,8.5
Qotel Chattarpur,7.6
Qotel Hotel Rajouri Garden,8.125
Qotel Hotel Rama Rohini Sector 24,7.0
Qotel IP Residency Anand Vihar,5.3
Qotel Jasola Vihar,8.0
Qotel Residency,6.3
R S PLAZA Group,5.7
RK Residency,5.5
Radisson Blu Marina Hotel Connaught Place,7.7
Radisson Blu Plaza Delhi Airport,8.4
Raj Mahal Inn,7.6
Room in Airb&b New Delhi - Divine Inn Service Apartments,7.5
"Roomshala 005 Tom & Jerry - Jungpura , Bhogal",6.8
Roomshala 026 Commodo Residency - Satya Niketan,8.3
Roomshala 028 Blu Lagoon - Opposite Select City Walk Mall,7.7
Roomshala 032 Hotel Silver Key - Dwarka Sector 9,5.833333333333333
Roomshala 038 Imperial Inn - Nehru Enclave,8.9
Roomshala 041 Hotel Sky Residency - Uttam Nagar Near Metro Station,7.9
Roomshala 069 Harshi Residency - Janankpuri,4.9
Roomshala 071 HD Luxury Home Stay - GK -1,7.1
Roomshala 072 Hotel Starlight,6.75
Roomshala 095 Shyam Villa - Near Govindpuri Metro,8.2
Roomshala 099 Hotel Jyoti Deluxe - Karol Bagh,5.7
Roomshala 111 Cosy Nook - Hauz Khas,7.0
Roomshala 112 Hotel Blissbourn - Lajpat Nagar,6.8
Roomshala 120 Hotel Crown Near Signature Bridge KHAJOORI KHAS,9.0
Royal Rosette @New Delhi Railway Station,2.6
SCOOVEY The BMK Hotel & Banquets LOCAL ID ACCEPTED,5.6
SM Palace (Near Apollo Hospital),7.5
SPOT ON Hotel Silver Palace Dx,1.5555555555555556
SURYA RESIDENCY,8.5
"Sailors Home - C6, Vasant Kunj",7.9
Sarthak Palace,8.0
Satvik Resort,6.9
Seven Seas Hotel,6.1
Shanti Residency,5.5
Shri Ram Plaza At Delhi Airport,9.4
Silver Palace Hotel,3.3
Silver Shine New Delhi - COMFORT STAY,8.3
Sprinklers,7.125
Staybook Hotel Atlanta New Delhi Railway Station Paharganj,7.6
Staybook Hotel Jai Balaji New Delhi Railway Station,8.8
Studio 23,5.8
Super OYO Flagship Hotel S Inn,4.25
Super OYO Flagship The Vintage Residency Near Nangloi Railway Metro Station,10.0
THE GRACE HOUSE Paharganj,8.3
THE HOTEL AMBIENCE,8.5
"Taj Mahal, New Delhi",9.7
"Taj Palace, New Delhi",9.7
Tatvamasi Homestay,9.6
Taurus Sarovar Portico,6.5
The Alpino Hotel,7.5
"The Ashok, New Delhi",7.4
The Aster Karol Bagh,8.0
The Bluemoon,5.5
The C Park Inn Karol Bagh Homely Atmosphere,7.7
The Claridges New Delhi,8.5
The Corus Hotel,5.2
The Desire Hostel,8.6
The Estate Villa,7.666666666666667
The Gold Regency - 02 Mins from New Delhi Railway Station,7.4
The Grace Hotel - Short Drive from Delhi Airport,6.3
"The Hans, New Delhi",6.5
"The Hermitage By Cosy Hotels near Lajpat Nagar, Delhi",9.1
The JRD Luxury Boutique,5.8
The LaLiT New Delhi,7.3
The Leela Ambience Convention Hotel Delhi,9.6
The Lodhi – A member of The Leading Hotels Of The World,8.4
The Lotus Suites At Delhi Airport,9.1
The Manor - New Delhi,8.3
The Metropolitan Hotel & Spa New Delhi,7.9
The Neem,9.4
The New Anand Near Karol Bagh Metro Station,1.0
The Oakland Plaza by Orion Hotels,7.4
The Orion - Greater Kailash,5.7
The Orion Plaza - Nehru Place,6.9
The Palm Spring a Boutique Hotel Naraina New Delhi,2.4
The Park New Delhi,6.3
The Ramida Suites At Delhi Airport,8.6
The Stay Inn New Delhi,9.4
The Suryaa New Delhi,7.6
Thikana Delhi ( Boutique B&B),9.6
Townhouse 1251 The Royce By Dsr,1.0
Townhouse 511 Prakash continental Near Netaji Subhash Place Metro Station,8.2
Townhouse 712 Sector 24 Rohini Near Rithala Metro Station,6.7
Townhouse 819 Peeragarhi Chowk,3.8
Tree of Life Bed & Breakfast,9.6
Treebo Trend Elite,6.5
Treebo Trend Jannat Residency,6.7
Treebo Trend MVM Residency,8.875
Treebo Trend Mona Grand,7.5
Treebo Trend The Kings Plaza,8.2
Treebo Tryst Relax Inn Patel Nagar,8.7
Trendy Bed & Breakfast,8.4
Trimrooms Shipra @ New Delhi Railway Station,7.9
"Udman Panchshila Park by Ferns N Petals, South Delhi",8.4
VRINDAVAN GUEST HOUSE,8.5
Vinanda Home Stay,8.2
Virohaa Hotel,6.5
"Vivanta New Delhi, Dwarka",8.6
Vrindavan Residency,7.5
Westend Capital B & B,10.0
Westend Inn - Resort and Banquet Near Delhi Airport,5.4
Western Blu,7.1
Wongdhen House,8.9
Wood Castle,9.1
Wood Castle Grand,8.3
Woodpecker Apartments Hauz khas,8.6
Yash Guest House 01 Minute Walk in Nizamuddin Railway Station,3.7
Yes Boss By Backpackers Heaven Near New Delhi Train Station,7.8
Zaza Stay,9.2
bloomrooms @ Janpath,8.4
hotel Priya Palace BY BYOB Hotels,8.5
hotel suzi international,9.75
ibis New Delhi Aerocity - An Accor Brand,7.0
luxury Rooms In Malviya Nagar,5.7
luxury master bedroom with bathtub n private entry,4.7
noratan palace,3.0
